term;link;title
turkey;https://www.aljazeera.com/news/2022/3/3/1-million-refugees-flee-ukraine-in-week-since-russian-invasion;1 million refugees flee Ukraine in week since Russian invasion ...
turkey;https://www.aljazeera.com/news/2022/3/3/two-cargo-ships-hit-by-explosions-around-ukraine-one-killed;One killed as two cargo ships hit by explosions off Ukraine | Russia ...
turkey;https://www.aljazeera.com/news/2022/3/3/us-to-beef-up-staffing-in-havana-embassy-to-ease-visa-backlog;US to beef up staffing at Havana embassy to ease visa backlog ...
turkey;https://www.aljazeera.com/africa/;Africa News | Today's latest from Al Jazeera
turkey;https://www.aljazeera.com/where/turkey/;Turkey | Today's latest from Al Jazeera
turkey;https://www.aljazeera.com/opinions/2022/3/2/putins-imperial-delusions-will-haunt-russia;Putin's imperial delusions will haunt Russia | Russia-Ukraine war ...
turkey;https://www.aljazeera.com/news/2022/3/2/russia-cancelled-black-sea-passage-bid-warships-turkey;Russia cancelled Black Sea passage bid of four warships: Turkey ...
turkey;https://www.aljazeera.com/news/2022/3/2/alexei-navalny-urges-russians-to-protest-daily-against-ukraine;Navalny urges Russians to protest daily against Ukraine invasion ...
turkey;https://www.aljazeera.com/news/2022/3/2/abramovich-to-sell-chelsea-russia-ukraine-war;Abramovich to sell Chelsea amid fallout from Russia-Ukraine war ...
turkey;https://www.aljazeera.com/news/2022/3/2/the-first-week-of-russias-war-on-ukraine-rocks-the-world;One week in, Russia's war on Ukraine has rocked the world | Russia ...
turkey;https://www.aljazeera.com/news/2022/3/1/hollywood-halts-releases-in-russia-over-ukraine-invasion;Hollywood halts movie releases in Russia over Ukraine invasion ...
turkey;https://www.aljazeera.com/program/the-stream/2022/3/1/how-are-photographers-highlighting-the-climate-emergency;How are photographers highlighting the climate emergency? | TV ...
turkey;https://www.aljazeera.com/news/2022/3/1/russias-invasion-of-ukraine-list-of-key-events-from-day-6;Russia's invasion of Ukraine: List of key events from day six | Russia ...
turkey;https://www.aljazeera.com/economy/2022/3/1/apple-halts-product-sales-in-russia;Apple halts product sales in Russia | Russia-Ukraine war News | Al ...
turkey;https://www.aljazeera.com/economy/2022/3/1/investors-seeking-to-offload-russian-assets-have-a-tough-task;Investors seeking to offload Russian assets have a tough task ...
turkey;https://www.aljazeera.com/sports/2022/3/1/russia-ukraine-war-what-sports;Russia-Ukraine war: Which sporting bodies have banned Russia ...
turkey;https://www.aljazeera.com/news/2022/3/1/mena-region-faces-crisis-as-worlds-key-wheat-producers-at-war;MENA faces a crisis as the world's key wheat producers are at war ...
turkey;https://www.aljazeera.com/news/2022/3/1/ukrainian-civilian-volunteers-prepare-for-russian-army-advance;'Don't want my family killed': Ukrainian civilians ready to fight ...
turkey;https://www.aljazeera.com/news/2022/3/1/ukraine-on-edge-as-russia-continues-its-assault-liveblog;Latest Ukraine updates: UNGA votes to demand Russian withdrawal ...
turkey;https://www.aljazeera.com/economy/2022/3/1/ukraine-sees-an-exodus-of-foreign-students-and-revenue;Ukraine is seeing an exodus of foreign students, and revenue ...
turkey;https://www.aljazeera.com/news/2022/3/1/turkey-blocks-warships-from-straits-amid-russia-ukraine-crisis;Turkey warns against passing of warships from its straits | Russia ...
turkey;https://www.aljazeera.com/news/2022/3/1/russia-amasses-65km-army-convoy-near-ukraine-capital;Vast Russian military convoy closes in on Ukraine capital | News | Al ...
turkey;https://www.aljazeera.com/news/2022/2/28/desperate-afghans-resort-to-selling-kidneys-to-feed-families;Desperate Afghans sell kidneys amid poverty, starvation | Taliban ...
turkey;https://www.aljazeera.com/news/2022/2/28/ukraine-russia-india-and-pakistan-walk-similar-diplomatic-tightrope;India, Pakistan take a similar diplomatic path on Russia-Ukraine ...
turkey;https://www.aljazeera.com/news/2022/2/28/us-announces-plan-to-expel-russian-diplomats-from-un-liveblog;Latest Ukraine updates: Kyiv TV tower hit in alleged attack | Russia ...
turkey;https://www.aljazeera.com/features/2022/2/28/diary-from-kyiv-im-staying-in-my-home-no-matter-what-happens;Diary from Kyiv: 'I'm staying in my home no matter what happens ...
turkey;https://www.aljazeera.com/news/2022/2/28/turkish-opposition-join-powers-to-return-to-parliamentary-system;Turkish opposition parties promise return to parliamentary system ...
turkey;https://www.aljazeera.com/news/2022/2/28/series-of-refugee-crises-hardens-eu-policy-then-ukraine-happens;Series of refugee crises hardens EU policy, then Ukraine happens ...
turkey;https://www.aljazeera.com/news/2022/2/28/ukraine-russia-talks-due-to-begin-early-on-monday-live-news;Latest Ukraine news: Guterres says dialogue must remain open ...
turkey;https://www.aljazeera.com/economy/2022/2/28/western-companies-in-russias-oil-and-gas-sector;Western companies in Russia's oil and gas sector | Russia-Ukraine ...
turkey;https://www.aljazeera.com/economy/2022/2/28/stocks-tumble-as-west-intensifies-sanctions-on-russia;Stocks tumble as West intensifies sanctions on Russia | Business ...
turkey;https://www.aljazeera.com/news/2022/2/27/turkey-calls-russia-invasion-of-ukraine-war-eyes-sea-movements;Turkey dubs Russia invasion of Ukraine 'war' in shift of rhetoric ...
turkey;https://www.aljazeera.com/news/2022/2/27/more-than-2000-arrested-at-anti-war-protests-in-russia;More than 2,000 arrested at anti-war protests in Russia | Russia ...
turkey;https://www.aljazeera.com/program/inside-story/2022/2/27/can-europe-handle-refugees-from-the-russia-ukraine-war;Can Europe handle refugees from the Russia-Ukraine war? | TV ...
turkey;https://www.aljazeera.com/news/2022/2/27/key-questions-after-putins-nuclear-announcement;Key questions after Putin's nuclear announcement | Vladimir Putin ...
turkey;https://www.aljazeera.com/news/2022/2/26/map-which-countries-are-accepting-ukrainian-refugees-interactive;Map: Which countries are accepting Ukrainian refugees ...
turkey;https://www.aljazeera.com/news/2022/2/26/romania-moldova-fears-russian-invasion-ukraine;Romania on edge as Russia invades Ukraine | Russia-Ukraine war ...
turkey;https://www.aljazeera.com/news/2022/2/25/kyiv-braces-for-assault-as-west-sanctions-russia;Gunfire and explosions heard as Kyiv braces for Russian assault ...
turkey;https://www.aljazeera.com/news/2022/2/25/sean-penn-ukraine-documentary-russia-attack;Sean Penn in Ukraine to make documentary on Russian attack ...
turkey;https://www.aljazeera.com/news/2022/2/25/greece-approves-its-biggest-naval-modernisation-in-20-years;Greece approves its biggest naval modernisation in 20 years | News ...
turkey;https://www.aljazeera.com/news/2022/2/25/ukraine-reports-higher-chernobyl-radiation-after-russians-capture;Conflicting reports on Chernobyl radiation after Russian capture ...
turkey;https://www.aljazeera.com/news/2022/2/25/where-do-russias-allies-stand-as-western-powers-slam-moscow;Where do Russia's allies stand as Western powers slam Moscow ...
turkey;https://www.aljazeera.com/news/2022/2/25/cannot-stop-russian-warships-returning-in-black-sea-turkey;Turkey says cannot stop Russian warships accessing Black Sea ...
turkey;https://www.aljazeera.com/features/2022/2/25/the-somalian-general-fighting-both-al-shabaab-and-the-patriarchy;The Somali general fighting al-Shabab and the patriarchy | Features ...
turkey;https://www.aljazeera.com/news/2022/2/25/eu-agrees-to-freeze-putin-lavrov-assets-over-ukraine;EU to freeze Putin, foreign minister assets over Ukraine attack ...
turkey;https://www.aljazeera.com/tag/vladimir-putin/;Vladimir Putin | Today's latest from Al Jazeera
turkey;https://www.aljazeera.com/news/2022/2/24/world-reaction-putin-orders-military-operation-in-ukraine;World reacts to Russia's attack on Ukraine | Russia-Ukraine war ...
turkey;https://www.aljazeera.com/news/2022/2/24/erdogan-russia-attack-ukraine-heavy-blow-regional-peace;Erdogan: Russia attack on Ukraine 'heavy blow' to regional peace ...
turkey;https://www.aljazeera.com/news/2022/2/24/ukraine-breaks-diplomatic-ties-with-russia;Ukraine cuts diplomatic ties with Russia after invasion | Russia ...
turkey;https://www.aljazeera.com/news/2022/2/24/ukraine-asked-turkey-to-close-black-sea-waterways-to-russia;Ukraine asks Turkey to shut Black Sea waterways to Russian ships ...
turkey;https://www.aljazeera.com/gallery/2022/2/24/photos-protesters-rally-around-the-world-in-support-of-ukraine;Photos: Protesters around the world rally in support of Ukraine ...
turkey;https://www.aljazeera.com/news/2022/2/24/no-choice-but-to-invade-ukraine-kremlin;How is the Ukraine invasion being viewed in Russia? | Russia ...
turkey;https://www.aljazeera.com/news/2022/2/23/ukraine-declares-state-of-emergency-amid-fears-of-invasion-liveblog;Latest Russia-Ukraine updates: Tens of thousands flee their homes ...
turkey;https://www.aljazeera.com/news/2022/2/24/russia-putin-shatters-peace-europe-ukraine-invasion;Putin shatters peace in Europe as Russia invades Ukraine | Russia ...
turkey;https://www.aljazeera.com/news/2022/2/24/putins-speech-declaring-war-on-ukraine-translated-excerpts;'No other option': Excerpts of Putin's speech declaring war | Russia ...
turkey;https://www.aljazeera.com/news/2022/2/24/eu-boosts-bosnia-force-after-russias-invasion-of-ukraine;EU boosts Bosnia force after Russia's invasion of Ukraine | Russia ...
turkey;https://www.aljazeera.com/news/2022/2/23/us-issues-new-sanctions-on-alleged-houthi-financing-network;US issues new sanctions on alleged Houthi financing network ...
turkey;https://www.aljazeera.com/news/2022/2/23/uae-to-order-12-l-15-planes-from-china-as-it-diversify-suppliers;UAE to order L15 planes from China as it diversifies suppliers ...
turkey;https://www.aljazeera.com/opinions/2022/2/23/there-will-be-no-winners-in-ukraine;There will be no winners in a Ukraine war | Russia-Ukraine war | Al ...
turkey;https://www.aljazeera.com/news/2022/2/23/turkey-asks-uae-to-repatriate-mob-leader-peker-state-run-media;Turkey asks UAE to repatriate mob leader Peker: State-run media ...
turkey;https://www.aljazeera.com/economy/2022/2/23/as-indians-expect-groceries-in-10-mins-delivery-agents-struggle;As Indians expect groceries in 10 mins, delivery agents struggle ...
turkey;https://www.aljazeera.com/news/2022/2/23/not-peacekeepers-at-all-un-chief-condemns-russia-move-live;Latest Ukraine updates: Ukraine imposes state of emergency ...
turkey;https://www.aljazeera.com/economy/2022/2/22/musks-attorney-accuses-sec-of-leaking-details-of-investigation;Musk's lawyer accuses SEC of leaking details of investigation ...
turkey;https://www.aljazeera.com/news/2022/2/22/what-are-donetsk-and-luhansk-ukraines-separatist-statelets;Donetsk and Luhansk: What you should know about the 'republics ...
turkey;https://www.aljazeera.com/news/2022/2/22/erdogan-seeks-to-boost-ties-with-africa-in-four-day-visit;Erdogan seeks to boost ties with Africa in four-day visit | News | Al ...
turkey;https://www.aljazeera.com/news/2022/2/22/italy-rescues-nearly-600-migrants-off-calabria-finds-one-dead;Italy rescues nearly 600 migrants off Calabria, finds one dead ...
turkey;https://www.aljazeera.com/news/2022/2/21/eu-mulls-ways-to-ease-tensions-in-bosnia-to-prevent-break-up;EU mulls ways to ease tensions in Bosnia, to prevent break-up ...
turkey;https://www.aljazeera.com/news/2022/2/21/qatars-emir-discusses-nuclear-talks-with-iranian-president;Iran's Raisi discusses nuclear talks with Qatari emir in Doha ...
turkey;https://www.aljazeera.com/news/2022/2/21/thousands-of-children-in-uae-has-no-access-to-schooling-report;Thousands of children in UAE have no access to schooling: Report ...
turkey;https://www.aljazeera.com/news/2022/2/21/world-reaction-to-putins-move-to-recogise-ukraine-rebel-regions;Ukraine: World reacts to Putin's recognition of Donetsk, Luhansk ...
turkey;https://www.aljazeera.com/economy/2022/2/21/rouble-stocks-sink-as-putin-recognises-ukraine-breakaway-regions;Rouble, stocks sink as Putin recognises Ukraine breakaway regions ...
turkey;https://www.aljazeera.com/economy/2022/2/17/turkey-keeps-interest-rates-unchanged-despite-surging-inflation;Turkey keeps interest rates unchanged despite surging inflation ...
turkey;https://www.aljazeera.com/news/2022/2/17/infographic-russia-ukraine-and-the-global-wheat-supply-interactive;Infographic: Russia, Ukraine and the global wheat supply ...
turkey;https://www.aljazeera.com/economy/2022/2/15/as-turkeys-inflation-rate-climbs-workers-strike-for-pay-hikes;As Turkey's inflation rate climbs, workers strike for pay hikes ...
turkey;https://www.aljazeera.com/news/2022/2/15/erdogan-praises-investment-potential-on-landmark-uae-visit;Erdogan touts Turkey investment potential on landmark UAE visit ...
turkey;https://www.aljazeera.com/opinions/2022/2/9/no-russia-will-not-invade-ukraine;No, Russia will not invade Ukraine | Russia-Ukraine war | Al Jazeera
turkey;https://www.aljazeera.com/news/2022/2/8/turkey-opens-new-dispute-over-sovereignty-of-east-aegean-islands;Turkey opens new dispute over sovereignty of east Aegean islands ...
turkey;https://www.aljazeera.com/news/2022/2/3/12-migrants-found-frozen-to-death-near-turkey-greece-border;Twelve refugees found frozen to death near Turkey-Greece border ...
turkey;https://www.aljazeera.com/news/2022/1/29/turkeys-erdogan-warns-media-against-publishing-harmful-content;Turkey's Erdogan warns media against publishing 'harmful content ...
turkey;https://www.aljazeera.com/news/2022/1/28/turkey-hopes-to-diffuse-tensions-as-russian-ukraine-crisis-rages;Why is Turkey trying to mediate the Ukraine-Russia crisis? | News ...
turkey;https://www.aljazeera.com/tag/turkey-syria-border/;Turkey-Syria Border | Today's latest from Al Jazeera
turkey;https://www.aljazeera.com/news/2022/1/24/heavy-snowfall-in-turkey-forces-istanbul-airport-to-shut;Heavy snowfall in Turkey forces Istanbul Airport to shut | Weather ...
turkey;https://www.aljazeera.com/news/2022/1/23/uighurs-in-turkey-call-for-boycott-of-beijing-winter-olympics;Uighurs in Turkey call for boycott of Beijing Winter Olympics | Uighur ...
turkey;https://www.aljazeera.com/economy/2022/1/20/turkeys-central-bank-hits-pause-leaves-interest-rates-unchanged;Turkey's central bank hits pause, leaves interest rates unchanged ...
turkey;https://www.aljazeera.com/news/2022/1/19/turkey-pipeline-operational-after-fire-extinguished;Turkey: Kirkuk-Ceyhan pipeline operational after fire put out | Oil and ...
turkey;https://www.aljazeera.com/sports/2022/1/19/turkey-to-send-security-forces-qatar-world-cup;Turkey will send 3,250 security forces to Qatar World Cup | Qatar ...
turkey;https://www.aljazeera.com/economy/2022/1/19/turkey-signs-5bn-swap-deal-with-uae-boosting-foreign-reserves;Turkey signs $5bn swap deal with UAE, boosting foreign reserves ...
turkey;https://www.aljazeera.com/news/2022/1/18/turkey-and-serbia-agree-to-broker-bosnia-crisis-talks;Turkey and Serbia agree to broker Bosnia crisis talks | Recep Tayyip ...
turkey;https://www.aljazeera.com/economy/2022/1/17/crypto-investing-is-alive-and-well-in-turkey-thanks-to-lira-woes;Crypto investing is alive and well in Turkey, thanks to lira woes ...
turkey;https://www.aljazeera.com/news/2022/1/17/turkey-defies-european-deadline-to-release-osman-kavala-from-jail;Turkey defies European deadline to release Osman Kavala from jail ...
turkey;https://www.aljazeera.com/news/2022/1/17/turkey-defies-european-deadline-to-release-osman-kavala-from-jail;Turkey defies European deadline to release Osman Kavala from jail ...
turkey;https://www.aljazeera.com/news/2022/1/14/turkey-armenia-talk-normalising-ties-after-decades-of-animosity;Turkey, Armenia talk normalising ties after decades of animosity ...
turkey;https://www.aljazeera.com/news/2022/1/12/turkey-news-log-jan-12;How killing of Syrian refugee marks an alarming trend in Turkey ...
turkey;https://www.aljazeera.com/news/2022/1/10/like-a-nightmare-cubans-allege-expulsions-to-turkey;Cuban asylum seekers in Greece 'forcibly expelled' to Turkey ...
turkey;https://www.aljazeera.com/economy/2022/1/7/just-how-bad-is-inflation-in-turkey-it-depends-on-who-you-ask;Just how bad is inflation in Turkey? It depends on who you ask ...
turkey;https://www.aljazeera.com/news/2022/1/4/turkey-uighurs-file-criminal-complaint-against-chinese-officials;Uighurs in Turkey file criminal case against Chinese officials ...
turkey;https://www.aljazeera.com/news/2022/1/3/turkeys-erdogan-says-he-will-visit-saudi-arabia-in-february;Turkey's Erdogan says he will visit Saudi Arabia in February ...
turkey;https://www.aljazeera.com/economy/2021/12/23/bbturkey-stock-investors-brace-for-more-volatility-as-lira-rallie;Turkey stock investors brace for more volatility as lira rallies ...
turkey;https://www.aljazeera.com/economy/2021/12/21/5-things-to-know-about-erdogans-plan-to-shore-up-turkeys-lira;5 things to know about Erdogan's plan to shore up Turkey's lira ...
turkey;https://www.aljazeera.com/economy/2021/12/20/turkey-stock-trading-halted-again-due-to-rapid-losses;Turkey: Stock trading halted again due to rapid losses | Financial ...
germany;https://www.aljazeera.com/news/2022/3/3/germany-charges-gambian-man-over-crimes-including-journalist-murder;Germany charges Gambian man over crimes including reporter ...
germany;https://www.aljazeera.com/news/2022/3/3/russian-belarusian-athletes-banned-from-paralympics-over-ukraine;Russian, Belarusian athletes banned from Paralympics over Ukraine ...
germany;https://www.aljazeera.com/where/russia/;Russia | Today's latest from Al Jazeera
germany;https://www.aljazeera.com/news/2022/3/3/germany-charges-russian-man-with-planned-hit-on-chechen-dissident;Germany charges Russian man with planned hit on Chechen ...
germany;https://www.aljazeera.com/features/2022/3/3/bosnians-relive-past-war-trauma-as-russia-invades-ukraine;Bosnians relive past war trauma as Russia invades Ukraine | Russia ...
germany;https://www.aljazeera.com/economy/2022/3/3/wheat-corn-prices-surge-as-consumer-pain-mounts;Wheat, corn prices surge deepening consumer pain | Russia ...
germany;https://www.aljazeera.com/features/2022/3/3/ukraines-zelenskyy-a-wartime-statesman-for-the-social-media-age;Ukraine's Zelenskyy: A wartime statesman for the social media age ...
germany;https://www.aljazeera.com/news/2022/3/2/germany-to-give-extra-720m-to-holocaust-survivors-globally;Germany to give extra $720m to Holocaust survivors globally | News ...
germany;https://www.aljazeera.com/gallery/2022/3/3/photos-ukrainian-refugees-russia-war-romania;Photos: Ukrainians flee to Romania to escape Russia's invasion ...
germany;https://www.aljazeera.com/news/2022/3/3/germany-welcomes-ukrainian-asylum-seekers;'The least we can do': Germany welcomes Ukrainian asylum seekers ...
germany;https://www.aljazeera.com/news/2022/3/3/army-helicopter-fighter-jet-crash-in-romania-killing-all-crew;Army helicopter, fighter jet crash in Romania, killing all crew ...
germany;https://www.aljazeera.com/news/2022/3/2/russian-troops-in-streets-of-kherson-mayor-says-liveblog;Latest Ukraine updates: Talks spur deal on humanitarian corridors ...
germany;https://www.aljazeera.com/news/2022/3/2/first-us-capitol-rioter-on-trial-lit-the-match-prosecutor-says;First US Capitol rioter on trial 'lit the match', prosecutor says | Courts ...
germany;https://www.aljazeera.com/economy/2022/3/2/amid-ukraine-crisis-chinas-zero-covid-weighs-on-global-growth;Amid Ukraine crisis, China's 'Zero COVID' weighs on global growth ...
germany;https://www.aljazeera.com/opinions/2022/3/2/putins-imperial-delusions-will-haunt-russia;Putin's imperial delusions will haunt Russia | Russia-Ukraine war ...
germany;https://www.aljazeera.com/economy/2022/3/2/european-gas-prices-hit-new-record-as-russia-supply-fears-grow;European gas prices hit record high as Russia supply fears grow ...
germany;https://www.aljazeera.com/news/2022/3/2/russian-airborne-troops-land-in-ukraines-second-city-kharkiv;Russian airborne troops land in Ukraine's Kharkiv, clashes erupt ...
germany;https://www.aljazeera.com/news/2022/3/1/what-berlins-u-turn-on-defence-energy-policy-means-for-germany;What UÂ»turn on defence, energy policy means for Germany | Russia ...
germany;https://www.aljazeera.com/news/2022/3/2/russia-cancelled-black-sea-passage-bid-warships-turkey;Russia cancelled Black Sea passage bid of four warships: Turkey ...
germany;https://www.aljazeera.com/news/2022/3/2/alexei-navalny-urges-russians-to-protest-daily-against-ukraine;Navalny urges Russians to protest daily against Ukraine invasion ...
germany;https://www.aljazeera.com/news/2022/3/2/timeline-week-one-of-russia-invasion-of-ukraine;Timeline: Week one of Russia's invasion of Ukraine | Russia ...
germany;https://www.aljazeera.com/news/2022/3/2/russias-biggest-lender-sberbank-exits-europe;Russia's biggest lender Sberbank exits Europe | Banks News | Al ...
germany;https://www.aljazeera.com/news/2022/3/2/russias-invasion-of-ukraine-list-of-key-events-from-day-seven;Russia's invasion of Ukraine: List of key events from day seven ...
germany;https://www.aljazeera.com/news/2022/3/1/prove-you-are-with-us-ukraine-president-urges-eu;Ukraine's Zelenskyy tells EU: 'Prove you are with us' | Russia ...
germany;https://www.aljazeera.com/news/2022/3/2/ukraine-diplomats-22-nations-urge-pakistan-condemn-russia;Diplomats from 22 nations urge Pakistan to condemn Russia ...
germany;https://www.aljazeera.com/news/2022/3/2/abramovich-to-sell-chelsea-russia-ukraine-war;Abramovich to sell Chelsea amid fallout from Russia-Ukraine war ...
germany;https://www.aljazeera.com/news/2022/3/2/maersk-cma-cgm-and-msc-suspend-russian-deliveries;Maersk, MSC and CMA CGM suspend Russian deliveries | News ...
germany;https://www.aljazeera.com/news/2022/3/2/the-first-week-of-russias-war-on-ukraine-rocks-the-world;One week in, Russia's war on Ukraine has rocked the world | Russia ...
germany;https://www.aljazeera.com/economy/2022/3/1/us-stocks-fall-oil-tops-105-as-ukraine-crisis-rattles-markets;US stocks fall, oil tops $105 as Ukraine crisis rattles markets ...
germany;https://www.aljazeera.com/economy/2022/3/1/germanys-inflation-bolstered-by-surge-in-energy-costs;Germany's inflation bolstered by surge in energy costs | Energy ...
germany;https://www.aljazeera.com/economy/2022/3/1/oil-soars-as-iea-taps-emergency-stockpile;Oil soars as IEA taps emergency stockpile | Russia-Ukraine war ...
germany;https://www.aljazeera.com/economy/2022/3/1/analysis-can-african-gas-replace-russian-supplies-to-europe;Analysis: Can African gas replace Russian supplies to Europe ...
germany;https://www.aljazeera.com/gallery/2022/3/1/photos-lives-in-a-suitcase-the-refugees-fleeing-the-russia-ukraine-war;Lives in a suitcase: The refugees fleeing the Russia-Ukraine war ...
germany;https://www.aljazeera.com/program/inside-story/2022/3/1/can-europe-have-a-military-power-of-its-own;Can Europe have a military power of its own? | News | Al Jazeera
germany;https://www.aljazeera.com/economy/2022/2/28/russia-activates-defences-to-shield-1-5-trilion-economy;Russia activates defences to shield $1.5 trillion economy | Russia ...
germany;https://www.aljazeera.com/news/2022/2/28/ukraine-leader-frees-convicts-with-combat-skills-to-fight-russia;Ukraine leader frees convicts with combat skills to fight Russia ...
germany;https://www.aljazeera.com/news/2022/2/28/which-countries-are-sending-military-aid-to-ukraine;Which countries are sending military aid to Ukraine? | Russia ...
germany;https://www.aljazeera.com/news/2022/2/28/time-for-bosnia-to-get-rid-of-russian-influence-analysts;Time for Bosnia to 'get rid of Russian influence': Analysts | Russia ...
germany;https://www.aljazeera.com/economy/2022/2/28/will-escalating-sanctions-shift-fortress-russia-its-not-a-given;Will escalating sanctions shift Fortress Russia? It's not a given ...
germany;https://www.aljazeera.com/news/2022/2/28/russia-expelled-from-world-cup-clubs-banned-from-competitions;FIFA and UEFA suspend Russia from international football | News ...
germany;https://www.aljazeera.com/news/2022/2/28/russia-ukraine-crisis-in-maps-and-charts-live-news-interactive;Russia-Ukraine war by the numbers: Live Tracker | Infographic ...
germany;https://www.aljazeera.com/economy/2022/2/28/stocks-tumble-as-west-intensifies-sanctions-on-russia;Stocks tumble as West intensifies sanctions on Russia | Business ...
germany;https://www.aljazeera.com/news/2022/2/28/russia-ukraine-war-what-is-putins-endgame;Russia-Ukraine war: What is Putin's endgame?
germany;https://www.aljazeera.com/economy/2022/2/28/companies-head-for-the-exit-in-russia-as-sanctions-intensify;Companies head for the exit in Russia as sanctions intensify ...
germany;https://www.aljazeera.com/news/2022/2/27/more-than-2000-arrested-at-anti-war-protests-in-russia;More than 2,000 arrested at anti-war protests in Russia | Russia ...
germany;https://www.aljazeera.com/news/2022/2/27/germany-to-ramp-up-military-spending-in-major-policy-shift;Germany to ramp up military spending in major policy shift | Russia ...
germany;https://www.aljazeera.com/news/2022/2/27/putin-puts-russias-nuclear-deterrent-forces-on-alert;Putin puts Russia's nuclear deterrent forces on alert | Russia ...
germany;https://www.aljazeera.com/news/2022/2/27/thousands-attend-ukraine-solidarity-march-in-berlin;Huge crowds in Europe, US march in solidarity with Ukraine | Russia ...
germany;https://www.aljazeera.com/news/2022/2/25/unsc-to-vote-on-resolution-condemning-russia-invasion-liveblog;Latest Russia-Ukraine updates: Battles rage for Ukraine's cities ...
germany;https://www.aljazeera.com/news/2022/2/26/germany-approves-delivery-of-rpgs-from-netherlands-to-ukraine;NATO bolsters arms supply to Ukraine with anti-tank weapons ...
germany;https://www.aljazeera.com/news/2022/2/26/russias-invasion-of-ukraine-key-moments-by-day;Russia's invasion of Ukraine: List of key moments from Day 3 ...
germany;https://www.aljazeera.com/news/2022/2/25/kyiv-braces-for-assault-as-west-sanctions-russia;Gunfire and explosions heard as Kyiv braces for Russian assault ...
germany;https://www.aljazeera.com/news/2022/2/25/ukraine-slams-horrific-strikes-on-kyiv-amid-russian-advance;Ukraine slams 'horrific' strikes on Kyiv amid Russian advance ...
germany;https://www.aljazeera.com/news/2022/2/25/russia-ukraine-crisis-what-we-know-so-far;Day Two of Russian attack on Ukraine: What we know so far ...
germany;https://www.aljazeera.com/news/2022/2/25/ukrainian-diaspora-in-us-canada-rallies-against-surreal-attack;Ukrainian diaspora in US, Canada rallies against 'surreal' attack ...
germany;https://www.aljazeera.com/news/2022/2/25/eu-agrees-to-freeze-putin-lavrov-assets-over-ukraine;EU to freeze Putin, foreign minister assets over Ukraine attack ...
germany;https://www.aljazeera.com/economy/2022/2/24/europes-gas-prices-soar-62-as-crisis-puts-fuel-supply-at-risk;Europe's gas prices soar 62% as crisis puts fuel supply at risk ...
germany;https://www.aljazeera.com/news/2022/2/24/world-reaction-putin-orders-military-operation-in-ukraine;World reacts to Russia's attack on Ukraine | Russia-Ukraine war ...
germany;https://www.aljazeera.com/news/2022/2/24/wladimir-klitschko-urges-world-to-defend-ukraine-collectively;Wladimir Klitschko urges world to defend Ukraine 'collectively ...
germany;https://www.aljazeera.com/news/2022/2/24/ukraine-breaks-diplomatic-ties-with-russia;Ukraine cuts diplomatic ties with Russia after invasion | Russia ...
germany;https://www.aljazeera.com/news/2022/2/24/russia-is-against-war-thousands-rally-in-rare-show-of-dissent;'Russia is against war': Thousands rally in rare show of dissent ...
germany;https://www.aljazeera.com/news/2022/2/24/biden-vows-support-in-call-with-ukrainian-president-zelenskyy;Russia-Ukraine: Biden vows 'support' in call with Zelenskyy | Russia ...
germany;https://www.aljazeera.com/gallery/2022/2/24/photos-protesters-rally-around-the-world-in-support-of-ukraine;Photos: Protesters around the world rally in support of Ukraine ...
germany;https://www.aljazeera.com/news/2022/2/23/ukraine-declares-state-of-emergency-amid-fears-of-invasion-liveblog;Latest Russia-Ukraine updates: Tens of thousands flee their homes ...
germany;https://www.aljazeera.com/news/2022/2/24/russia-putin-shatters-peace-europe-ukraine-invasion;Putin shatters peace in Europe as Russia invades Ukraine | Russia ...
germany;https://www.aljazeera.com/news/2022/2/24/russian-troops-advancing-closer-to-kyiv-us-says-liveblog;Latest Russia-Ukraine updates: US to impose sanctions on Putin ...
germany;https://www.aljazeera.com/news/2022/2/24/mapping-russian-attacks-across-ukraine-interactive;Mapping Russian attacks across Ukraine | Russia-Ukraine war ...
germany;https://www.aljazeera.com/news/2022/2/23/what-sanctions-have-been-imposed-on-russia;Ukraine crisis: What sanctions have been imposed on Russia ...
germany;https://www.aljazeera.com/where/germany/;Germany | Today's latest from Al Jazeera
germany;https://www.aljazeera.com/news/2022/2/23/nord-stream-2-halted-what-you-should-know;Nord Stream 2 halted: What you should know | Russia-Ukraine war ...
germany;https://www.aljazeera.com/news/2022/2/23/tortured-ugandan-author-rukirabashaija-arrives-in-germany;'Tortured' Ugandan author Rukirabashaija arrives in Germany ...
germany;https://www.aljazeera.com/opinions/2022/2/23/there-will-be-no-winners-in-ukraine;There will be no winners in a Ukraine war | Russia-Ukraine war | Al ...
germany;https://www.aljazeera.com/news/2022/2/23/ukraine-crisis-macron-the-mediator-in-chief;Ukraine crisis: Why is Macron taking on the role of mediator ...
germany;https://www.aljazeera.com/economy/2022/2/23/biden-sanctions-company-building-russia-nord-stream-2-pipeline;Biden sanctions company building Russia's Nord Stream 2 pipeline ...
germany;https://www.aljazeera.com/news/2022/2/23/shared-resentments-but-russia-ties-could-be-awkward-for-china;'Shared resentments' but Russia ties could be 'awkward' for China ...
germany;https://www.aljazeera.com/news/2022/2/22/what-was-said-at-gas-exporting-countries-forum;Gas Exporting Countries Forum in Qatar: Who said what | Oil and ...
germany;https://www.aljazeera.com/news/2022/2/22/un-meets-after-russia-sends-troops-to-eastern-ukraine-liveblog;Latest Ukraine updates: Biden announces new Russia sanctions ...
germany;https://www.aljazeera.com/news/2022/2/22/putin-gets-green-light-to-deploy-troops-to-eastern-ukraine;Putin backs separatists' claim to Donbas region of Ukraine | Russia ...
germany;https://www.aljazeera.com/news/2022/2/22/germany-pauses-nord-stream-2-certification-process-over-ukraine;Ukraine crisis: Germany halts Nord Stream 2 approval process ...
germany;https://www.aljazeera.com/news/2022/2/22/eu-agrees-on-sanctions-against-russian-individuals-and-entities;EU agrees on sanctions against Russian individuals and entities ...
germany;https://www.aljazeera.com/news/2022/2/22/iran-returns-donated-covid-vaccines-because-they-were-made-in-us;Iran returns 'US-made' donated COVID vaccines to Poland | News ...
germany;https://www.aljazeera.com/news/2022/2/22/pakiastans-pm-khan-to-visit-russia-amid-ukraine-tensions;Pakistan's PM Khan to visit Russia amid Ukraine tensions | Russia ...
germany;https://www.aljazeera.com/news/2022/2/22/germany-indicts-man-for-sale-of-military-machinery-to-russia;Germany indicts man for sale of military machinery to Russia ...
germany;https://www.aljazeera.com/news/2022/2/21/ukraine-says-airspace-safe-as-more-airlines-cancel-flights;Ukraine says airspace safe as more airlines cancel flights | Russia ...
germany;https://www.aljazeera.com/news/2022/2/21/russia-to-recognise-ukraine-breakaway-region-kremlin-confirms;Putin recognises independence of Ukraine breakaway regions ...
germany;https://www.aljazeera.com/news/2022/2/21/us-warns-of-possible-targeted-killings-by-russia-live-news;Putin orders Russian forces to Ukraine rebel regions | Russia ...
germany;https://www.aljazeera.com/news/2022/2/19/germany-sees-moment-of-truth-for-iran-nuclear-talks;Germany sees 'moment of truth' for Iran nuclear talks | News | Al ...
germany;https://www.aljazeera.com/news/2022/2/18/g7-says-ready-for-serious-dialogue-with-russia-on-ukraine-live;Latest Ukraine updates: US says Putin made decision to invade ...
germany;https://www.aljazeera.com/news/2022/2/17/infographic-russia-ukraine-and-the-global-wheat-supply-interactive;Infographic: Russia, Ukraine and the global wheat supply ...
germany;https://www.aljazeera.com/economy/2022/2/16/germanys-biontech-plans-modular-vaccine-factories-in-africa;Germany's BioNTech plans modular vaccine factories in Africa ...
germany;https://www.aljazeera.com/economy/2022/2/16/germanys-biontech-plans-modular-vaccine-factories-in-africa;Germany's BioNTech plans modular vaccine factories in Africa ...
germany;https://www.aljazeera.com/news/2022/2/16/germany-to-ease-coronavirus-curbs-will-lift-more-rules-in-march;Germany, Austria and Switzerland to ease COVID restrictions ...
germany;https://www.aljazeera.com/news/2022/2/15/deutsche-welle-fires-two-more-arab-employees;German broadcaster Deutsche Welle fires two more Arab ...
germany;https://www.aljazeera.com/news/2022/2/11/us-biden-to-split-frozen-afghan-funds-between-9-11-families;Biden signs order to secure Afghan funds for aid, 9/11 families | Joe ...
germany;https://www.aljazeera.com/news/2022/2/9/what-is-the-minsk-agreement-and-why-is-it-relevant-now;Ukraine-Russia crisis: What is the Minsk agreement? | Russia ...
germany;https://www.aljazeera.com/news/2022/2/8/macron-says-putin-told-him-russia-wont-escalate-ukraine-crisis;Macron says Putin told him Russia won't escalate Ukraine crisis ...
germany;https://www.aljazeera.com/news/2022/2/7/macron-takes-leading-role-ukraine-liveblog;Ukraine latest updates: US, Germany in 'lockstep', says Biden ...
germany;https://www.aljazeera.com/news/2022/2/7/us-and-germany-working-in-lockstep-on-ukraine-crisis-biden;Biden: US and Germany working in 'lockstep' on Ukraine crisis ...
germany;https://www.aljazeera.com/news/2022/2/7/german-leader-expected-to-reassure-us-in-first-white-house-meet;Germany's Scholz to reassure US over Ukraine in first Biden meet ...
germany;https://www.aljazeera.com/news/2022/2/5/french-german-leaders-to-visit-russia-ukraine-amid-tension;French, German leaders to visit Russia and Ukraine amid tension ...
ukraine;https://www.aljazeera.com/tag/ukraine-russia-crisis/;Russia-Ukraine war | Today's latest from Al Jazeera
ukraine;https://www.aljazeera.com/news/2022/3/3/1-million-refugees-flee-ukraine-in-week-since-russian-invasion;1 million refugees flee Ukraine in week since Russian invasion ...
ukraine;https://www.aljazeera.com/economy/2022/3/3/japanese-carmakers-airlines-cut-russia-ties-over-war-in-ukraine;Japanese carmakers, airlines cut Russia ties amid war in Ukraine ...
ukraine;https://www.aljazeera.com/gallery/2022/3/3/photos-shelling-continues-in-ukraine-as-russian-forces-advance;Photos: Shelling continues in Ukraine as Russian forces advance ...
ukraine;https://www.aljazeera.com/news/2022/3/3/russian-belarusian-athletes-banned-from-paralympics-over-ukraine;Russian, Belarusian athletes banned from Paralympics over Ukraine ...
ukraine;https://www.aljazeera.com/news/2022/3/3/two-cargo-ships-hit-by-explosions-around-ukraine-one-killed;One killed as two cargo ships hit by explosions off Ukraine | Russia ...
ukraine;https://www.aljazeera.com/news/2022/3/3/russia-invasion-of-ukraine-list-of-key-events-from-day-eight;Russia's invasion of Ukraine: List of key events from day eight ...
ukraine;https://www.aljazeera.com/news/2022/3/3/russians-lay-siege-to-mariupol-as-conflict-intensifies;Russian forces lay siege to Ukrainian port city of Mariupol | Russia ...
ukraine;https://www.aljazeera.com/news/2022/3/3/russia-ukraine-zelenskyy-urges-putin-to-sit-down-for-talks-liveblog;Russia-Ukraine live: Zelenskyy urges Putin to sit down for talks ...
ukraine;https://www.aljazeera.com/features/2022/3/3/bosnians-relive-past-war-trauma-as-russia-invades-ukraine;Bosnians relive past war trauma as Russia invades Ukraine | Russia ...
ukraine;https://www.aljazeera.com/economy/2022/3/3/wheat-corn-prices-surge-as-consumer-pain-mounts;Wheat, corn prices surge deepening consumer pain | Russia ...
ukraine;https://www.aljazeera.com/news/2022/3/3/as-ukraine-war-rages-fear-over-safety-of-terminally-ill-children;As Ukraine war rages, fears for safety of terminally ill children ...
ukraine;https://www.aljazeera.com/news/2022/3/3/how-realistic-is-vladimir-putins-nuclear-threat;How realistic is Vladimir Putin's nuclear threat? | Russia-Ukraine war ...
ukraine;https://www.aljazeera.com/news/2022/3/3/hungarys-orban-defends-response-to-ukraine-war-refugees;Hungary's Orban defends response to Ukraine war refugees ...
ukraine;https://www.aljazeera.com/news/2022/3/3/liberal-russia-tv-radio-channels-suspend-operations-over-ukraine;Liberal Russia TV, radio channels suspend operations over Ukraine ...
ukraine;https://www.aljazeera.com/news/2022/3/3/go-home-zelenskyy-calls-russian-troops-confused-children;'Go home': Zelenskyy calls Russian troops 'confused children ...
ukraine;https://www.aljazeera.com/features/2022/3/3/ukraines-zelenskyy-a-wartime-statesman-for-the-social-media-age;Ukraine's Zelenskyy: A wartime statesman for the social media age ...
ukraine;https://www.aljazeera.com/where/ukraine/;Ukraine | Today's latest from Al Jazeera
ukraine;https://www.aljazeera.com/program/the-stream/2022/3/3/how-has-war-with-russia-changed-life-for-people-in-ukraine;How has Russia's war changed life for people in Ukraine? | TV ...
ukraine;https://www.aljazeera.com/news/2022/3/3/germany-welcomes-ukrainian-asylum-seekers;'The least we can do': Germany welcomes Ukrainian asylum seekers ...
ukraine;https://www.aljazeera.com/economy/2022/3/3/amid-ukraine-fallout-crisis-hardened-chipmakers-race-to-adapt;Amid Ukraine fallout, crisis-hardened chipmakers move to adapt ...
ukraine;https://www.aljazeera.com/opinions/2022/3/3/how-much-damage-will-sanctions-do-to-russia;How much damage will sanctions do to Russia? | Russia-Ukraine ...
ukraine;https://www.aljazeera.com/news/2022/3/3/russians-advance-towards-ukraines-largest-nuclear-power-plant;Russians advance towards Ukraine's largest nuclear power plant ...
ukraine;https://www.aljazeera.com/news/2022/3/3/traumatised-indian-students-overcome-adversity-to-reach-romania;Ukraine war: Indian students overcome adversity to reach Romania ...
ukraine;https://www.aljazeera.com/economy/2022/3/3/russian-etf-soars-as-some-see-bargain-in-uninvestable-market;Russian ETF soars as some see bargain in 'uninvestable' market ...
ukraine;https://www.aljazeera.com/news/2022/3/3/putin-says-ukraine-advance-going-to-plan-as-war-enters-week-two;Russia's Putin says Ukraine advance 'going to plan' | Russia ...
ukraine;https://www.aljazeera.com/program/start-here/2022/3/3/who-is-volodymyr-zelenskyy-start-here;Who is Volodymyr Zelenskyy? | Start Here | Russia-Ukraine war | Al ...
ukraine;https://www.aljazeera.com/news/2022/3/3/amid-russia-ukraine-war-georgia-to-immediately-submit-eu-bid;Amid Russia-Ukraine war, Georgia to 'immediately' submit EU bid ...
ukraine;https://www.aljazeera.com/news/2022/3/3/unga-resolution-against-ukraine-invasion-full-text;UN resolution against Ukraine invasion: Full text | Russia-Ukraine ...
ukraine;https://www.aljazeera.com/news/2022/3/3/putin-modi-discuss-plight-indian-students-trapped-ukraine;Putin, Modi discuss plight of Indian students trapped in Ukraine ...
ukraine;https://www.aljazeera.com/news/2022/3/3/us-sanctions-target-russian-elites-putins-spokesperson;Fresh US sanctions target Russian elites, Putin's spokesperson ...
ukraine;https://www.aljazeera.com/news/2022/3/3/france-russian-oligarchs-yachts-eu-sanctions-ukraine;France seizes Russian oligarch's yacht amid EU sanctions | Russia ...
ukraine;https://www.aljazeera.com/news/2022/3/3/usaid-chief-stresses-need-for-humanitarian-access-in-ukraine;USAID chief stresses need for humanitarian access in Ukraine ...
ukraine;https://www.aljazeera.com/opinions/2022/3/3/why-was-pakistans-pm-in-russia-amid-ukraine-invasion;Why was Pakistan's PM in Russia amid the Ukraine invasion ...
ukraine;https://www.aljazeera.com/news/2022/3/3/why-capturing-ukraine-kherson-important-for-russia;Why capturing Ukraine's Kherson is important for Russia | Russia ...
ukraine;https://www.aljazeera.com/news/2022/3/3/tears-anger-as-indian-students-return-from-ukraine-delhi-airport;Tears, anger at airport as Indian students return from Ukraine ...
ukraine;https://www.aljazeera.com/news/2022/3/3/uae-stance-on-ukraine-war-reflects-strong-alliance-with-russia;UAE stance on Ukraine war reflects 'strong alliance' with Russia ...
ukraine;https://www.aljazeera.com/news/2022/3/3/yemen-students-ukraine-russia-war;'Horrifying': Yemeni students flee war in Ukraine | Russia-Ukraine ...
ukraine;https://www.aljazeera.com/news/2022/3/2/russian-troops-in-streets-of-kherson-mayor-says-liveblog;Russia-Ukraine live: Kyiv, Moscow agree to humanitarian corridors ...
ukraine;https://www.aljazeera.com/news/2022/3/3/un-general-assembly-demands-russia-withdraw-troops-from-ukraine;UN General Assembly demands Russia withdraw troops from Ukraine
ukraine;https://www.aljazeera.com/news/2022/3/2/why-hasnt-russia-mobilised-its-vast-air-power-against-ukraine;Why hasn't Russia mobilised its vast air power against Ukraine ...
ukraine;https://www.aljazeera.com/news/2022/3/2/russia-ukraine-war-arts-culture-backlash-boycott;Russia faces growing cultural backlash over war on Ukraine ...
ukraine;https://www.aljazeera.com/news/2022/3/2/eastern-ukraine-mariupol-dnipro-russia-war;On the road in eastern Ukraine, everywhere is the front line | Russia ...
ukraine;https://www.aljazeera.com/news/2022/3/2/russian-and-belarusian-athletes-allowed-to-compete-at-paralympics;Russian and Belarusian athletes allowed to compete at Paralympics ...
ukraine;https://www.aljazeera.com/features/2022/3/2/covid-and-the-russian-invasion-ukraines-dual-crisis;COVID and the Russian invasion: Ukraine's dual crisis | Doctor's ...
ukraine;https://www.aljazeera.com/news/2022/3/2/amid-war-an-independent-russian-radio-station-goes-silent;Amid war, a critical Russian radio station goes silent | Russia ...
ukraine;https://www.aljazeera.com/news/2022/3/2/icc-to-begin-investigation-into-possible-war-crimes-in-ukraine;ICC to begin investigation into possible war crimes in Ukraine ...
ukraine;https://www.aljazeera.com/news/2022/3/2/non-ukrainian-refugees-arrive-at-polands-przemysl-station;Non-Ukrainian refugees recount their long journey to Poland ...
ukraine;https://www.aljazeera.com/opinions/2022/3/2/putins-imperial-delusions-will-haunt-russia;Putin's imperial delusions will haunt Russia | Russia-Ukraine war ...
ukraine;https://www.aljazeera.com/news/2022/3/2/more-racism-at-ukrainian-borders;More African students decry racism at Ukrainian borders | Russia ...
ukraine;https://www.aljazeera.com/news/2022/3/2/russian-airborne-troops-land-in-ukraines-second-city-kharkiv;Russian airborne troops land in Ukraine's Kharkiv, clashes erupt ...
ukraine;https://www.aljazeera.com/news/2022/3/2/empty-shelves-spy-hunt-kyiv-residents-brace-for-russian-assault;Empty shelves, spy hunt: Kyiv residents brace for Russian assault ...
ukraine;https://www.aljazeera.com/news/2022/3/2/us-launches-kleptocapture-task-force-against-russian-oligarchs;US launches 'KleptoCapture' task force against Russian oligarchs ...
ukraine;https://www.aljazeera.com/news/2022/3/2/russia-cancelled-black-sea-passage-bid-warships-turkey;Russia cancelled Black Sea passage bid of four warships: Turkey ...
ukraine;https://www.aljazeera.com/news/2022/3/2/people-of-colour-struggle-to-escape-russian-invasion-of-ukraine;People of colour struggle to escape Russian invasion of Ukraine ...
ukraine;https://www.aljazeera.com/news/2022/3/2/alexei-navalny-urges-russians-to-protest-daily-against-ukraine;Navalny urges Russians to protest daily against Ukraine invasion ...
ukraine;https://www.aljazeera.com/news/2022/3/2/timeline-week-one-of-russia-invasion-of-ukraine;Timeline: Week one of Russia's invasion of Ukraine | Russia ...
ukraine;https://www.aljazeera.com/news/2022/3/2/russia-ukraine-biden-closes-us-airspace-to-russian-flights;Russia-Ukraine: Biden closes US airspace to Russian flights | Joe ...
ukraine;https://www.aljazeera.com/news/2022/3/2/dozens-of-diplomats-walk-out-on-lavrovs-un-speech;Dozens of diplomats walk out on Russian foreign minister's speech ...
ukraine;https://www.aljazeera.com/news/2022/3/2/russia-pounds-ukraine-as-kyiv-rejects-ultimatums;Russia intensifies attacks on key Ukrainian cities | Russia-Ukraine ...
ukraine;https://www.aljazeera.com/news/2022/3/2/moscow-says-498-russian-died-in-ukraine-since-invasion-started;Moscow says 498 Russians killed in Ukraine since invasion started ...
ukraine;https://www.aljazeera.com/news/2022/3/2/we-burned-our-clothes-to-stay-warm-somali-recounts-ukraine-war;'We burned our clothes to stay warm': Somali details Ukraine exit ...
ukraine;https://www.aljazeera.com/news/2022/3/2/russias-invasion-of-ukraine-list-of-key-events-from-day-seven;Russia's invasion of Ukraine: List of key events from day seven ...
ukraine;https://www.aljazeera.com/news/2022/3/1/prove-you-are-with-us-ukraine-president-urges-eu;Ukraine's Zelenskyy tells EU: 'Prove you are with us' | Russia ...
ukraine;https://www.aljazeera.com/program/inside-story/2022/3/2/are-words-enough-to-stop-russias-invasion-of-ukraine;Are words enough to stop Russia's invasion of Ukraine? | Russia ...
ukraine;https://www.aljazeera.com/news/2022/3/2/ukraine-diplomats-22-nations-urge-pakistan-condemn-russia;Diplomats from 22 nations urge Pakistan to condemn Russia ...
ukraine;https://www.aljazeera.com/economy/2022/3/2/rich-russians-turn-to-luxury-jewellery-watches-to-shield-savings;Rich Russians turn to luxury jewellery, watches to shield savings ...
ukraine;https://www.aljazeera.com/news/2022/3/2/more-deaths-as-russia-intensifies-bombing-of-ukraine-cities;Many deaths as Russia intensifies bombardment of Ukraine cities ...
ukraine;https://www.aljazeera.com/news/2022/3/2/abramovich-to-sell-chelsea-russia-ukraine-war;Abramovich to sell Chelsea amid fallout from Russia-Ukraine war ...
ukraine;https://www.aljazeera.com/economy/2022/3/2/taiwan-president-to-donate-salary-for-ukraine-relief-efforts;Taiwan president to donate salary for Ukraine relief efforts | Russia ...
ukraine;https://www.aljazeera.com/news/2022/3/2/the-first-week-of-russias-war-on-ukraine-rocks-the-world;One week in, Russia's war on Ukraine has rocked the world | Russia ...
ukraine;https://www.aljazeera.com/news/2022/3/2/do-not-call-ukraine-invasion-a-war-russia-tells-media-schools;Do not call Ukraine invasion a 'war', Russia tells media, schools ...
ukraine;https://www.aljazeera.com/news/2022/3/2/ukrainians-face-close-call-with-death-as-airstrikes-pound-kharkiv;Anger and shock after Russian attacks pound Ukraine's Kharkiv ...
ukraine;https://www.aljazeera.com/news/2022/3/2/russian-military-says-has-control-of-kherson-in-southern-ukraine;Russia claims control of southern Ukrainian city of Kherson | Russia ...
ukraine;https://www.aljazeera.com/news/2022/3/1/hollywood-halts-releases-in-russia-over-ukraine-invasion;Hollywood halts movie releases in Russia over Ukraine invasion ...
ukraine;https://www.aljazeera.com/news/2022/3/1/russias-invasion-of-ukraine-list-of-key-events-from-day-6;Russia's invasion of Ukraine: List of key events from day six | Russia ...
ukraine;https://www.aljazeera.com/news/2022/2/28/us-announces-plan-to-expel-russian-diplomats-from-un-liveblog;Latest Ukraine updates: Kyiv TV tower hit in alleged attack | Russia ...
ukraine;https://www.aljazeera.com/news/2022/3/1/several-dead-injured-in-russian-strike-on-ukraine-tv;Deadly blast at Kyiv TV tower as Russia warns Ukrainian capital ...
ukraine;https://www.aljazeera.com/gallery/2022/3/1/photos-shelling-blasts-as-russia-steps-up-ukraine-attacks;Photos: Shelling, blasts as Russia steps up Ukraine attacks | Gallery ...
ukraine;https://www.aljazeera.com/news/2022/3/1/un-scales-up-aid-for-ukraine-appeals-for-1-7-bln;UN launches $1.7bn aid appeal for Ukraine amid Russian assault ...
ukraine;https://www.aljazeera.com/news/2022/3/1/residents-of-ukraines-breakaways-recount-short-lived-joy-hope;Locals in Ukraine breakaway regions recount short-lived joy, hope ...
ukraine;https://www.aljazeera.com/news/2022/3/1/who-are-the-azov-regiment;Profile: Who are Ukraine's far-right Azov regiment? | Military News ...
ukraine;https://www.aljazeera.com/news/2022/3/1/indian-student-killed-in-ukraine-amid-criticism-over-evacuation;Indian student killed in Ukraine amid criticism over evacuation ...
ukraine;https://www.aljazeera.com/gallery/2022/3/1/photos-lives-in-a-suitcase-the-refugees-fleeing-the-russia-ukraine-war;Lives in a suitcase: The refugees fleeing the Russia-Ukraine war ...
ukraine;https://www.aljazeera.com/opinions/2022/3/1/covering-ukraine-a-mean-streak-of-racist-exceptionalism;Covering Ukraine: A mean streak of racist exceptionalism | Russia ...
ukraine;https://www.aljazeera.com/news/2022/3/1/us-says-russian-crimes-mounting-in-ukraine-at-un-rights-forum;US says Russian crimes 'mounting' in Ukraine | News | Al Jazeera
ukraine;https://www.aljazeera.com/news/2022/3/1/iran-khamenei-ukraine-war-russia-us-policies-nato;Iran's Khamenei: 'Mafia regime' of US created Ukraine crisis | Russia ...
ukraine;https://www.aljazeera.com/news/2022/3/1/ukraine-on-edge-as-russia-continues-its-assault-liveblog;Latest Ukraine updates: UNGA votes to demand Russian withdrawal ...
ukraine;https://www.aljazeera.com/opinions/2022/3/1/while-ukraine-is-resisting-putin-belarus-is-becoming-his-puppet;While Ukraine is resisting Putin, Belarus is becoming his puppet ...
ukraine;https://www.aljazeera.com/news/2022/3/1/au-disturbed-by-reports-africans-stopped-from-escaping-ukraine;AU 'disturbed' by reports Africans stopped from escaping Ukraine ...
ukraine;https://www.aljazeera.com/news/2022/3/1/au-disturbed-by-reports-africans-stopped-from-escaping-ukraine;AU 'disturbed' by reports Africans stopped from escaping Ukraine ...
ukraine;https://www.aljazeera.com/news/2022/3/1/refugees-stream-into-hungary-as-russian-offensive-continues;Ukrainian refugees stream into Hungary amid Russian assault ...
ukraine;https://www.aljazeera.com/news/2022/3/1/turkey-blocks-warships-from-straits-amid-russia-ukraine-crisis;Turkey warns against passing of warships from its straits | Russia ...
ukraine;https://www.aljazeera.com/news/2022/3/1/us-rules-out-ukraine-no-fly-zone-after-zelenskyy-appeal;US rules out Ukraine no-fly zone after Zelenskyy appeal | Russia ...
ukraine;https://www.aljazeera.com/news/2022/3/1/russia-amasses-65km-army-convoy-near-ukraine-capital;Vast Russian military convoy closes in on Ukraine capital | News | Al ...
ukraine;https://www.aljazeera.com/news/2022/2/28/ukraine-leader-frees-convicts-with-combat-skills-to-fight-russia;Ukraine leader frees convicts with combat skills to fight Russia ...
ukraine;https://www.aljazeera.com/news/2022/2/28/russia-ukraine-talks-to-continue-putin-aide;No breakthrough at Ukraine talks as Russian assault continues ...
ukraine;https://www.aljazeera.com/news/2022/2/28/fifa-bans-russian-flag-anthem-at-matches-over-ukraine-invasion;FIFA bans Russian flag, anthem at matches over Ukraine invasion ...
ukraine;https://www.aljazeera.com/news/2022/2/28/ukraine-russia-india-and-pakistan-walk-similar-diplomatic-tightrope;India, Pakistan take a similar diplomatic path on Russia-Ukraine ...
ukraine;https://www.aljazeera.com/news/2022/2/28/russias-invasion-of-ukraine-list-of-key-events-from-day-5;Russia's invasion of Ukraine: List of key events from Day 5 | Russia ...
china;https://www.aljazeera.com/news/2022/3/3/russians-lay-siege-to-mariupol-as-conflict-intensifies;Russian forces lay siege to Ukrainian port city of Mariupol | Russia ...
china;https://www.aljazeera.com/where/china/;China | Today's latest from Al Jazeera
china;https://www.aljazeera.com/news/2022/3/3/go-home-zelenskyy-calls-russian-troops-confused-children;'Go home': Zelenskyy calls Russian troops 'confused children ...
china;https://www.aljazeera.com/economy/2022/3/3/amid-ukraine-fallout-crisis-hardened-chipmakers-race-to-adapt;Amid Ukraine fallout, crisis-hardened chipmakers move to adapt ...
china;https://www.aljazeera.com/opinions/2022/3/3/how-much-damage-will-sanctions-do-to-russia;How much damage will sanctions do to Russia? | Russia-Ukraine ...
china;https://www.aljazeera.com/news/2022/3/3/putin-modi-discuss-plight-indian-students-trapped-ukraine;Putin, Modi discuss plight of Indian students trapped in Ukraine ...
china;https://www.aljazeera.com/program/101-east/2022/3/3/behind-chinas-rise-in-the-arctic;Behind China's Rise in the Arctic | Climate | Al Jazeera
china;https://www.aljazeera.com/opinions/2022/3/3/why-was-pakistans-pm-in-russia-amid-ukraine-invasion;Why was Pakistan's PM in Russia amid the Ukraine invasion ...
china;https://www.aljazeera.com/news/2022/3/3/why-capturing-ukraine-kherson-important-for-russia;Why capturing Ukraine's Kherson is important for Russia | Russia ...
china;https://www.aljazeera.com/news/2022/3/3/uae-stance-on-ukraine-war-reflects-strong-alliance-with-russia;UAE stance on Ukraine war reflects 'strong alliance' with Russia ...
china;https://www.aljazeera.com/news/2022/3/3/un-general-assembly-demands-russia-withdraw-troops-from-ukraine;UN General Assembly demands Russia withdraw troops from Ukraine
china;https://www.aljazeera.com/news/2022/3/2/russias-lavrov-says-a-ww-iii-would-be-nuclear-and-destructive;Russia's Lavrov: A third world war would be nuclear, destructive ...
china;https://www.aljazeera.com/features/2022/3/2/covid-and-the-russian-invasion-ukraines-dual-crisis;COVID and the Russian invasion: Ukraine's dual crisis | Doctor's ...
china;https://www.aljazeera.com/economy/2022/3/2/amid-ukraine-crisis-chinas-zero-covid-weighs-on-global-growth;Amid Ukraine crisis, China's 'Zero COVID' weighs on global growth ...
china;https://www.aljazeera.com/news/2022/3/2/timeline-week-one-of-russia-invasion-of-ukraine;Timeline: Week one of Russia's invasion of Ukraine | Russia ...
china;https://www.aljazeera.com/news/2022/3/2/hong-kong-dj-convicted-of-sedition-under-colonial-era-law;Hong Kong pro-democracy DJ convicted for 'seditious' speech ...
china;https://www.aljazeera.com/news/2022/3/2/dozens-of-diplomats-walk-out-on-lavrovs-un-speech;Dozens of diplomats walk out on Russian foreign minister's speech ...
china;https://www.aljazeera.com/economy/2022/3/2/india-looks-to-gulf-for-oil-to-replace-russian-supply-report;India looks to Gulf for oil to replace Russian supply: Report ...
china;https://www.aljazeera.com/news/2022/3/2/russias-invasion-of-ukraine-list-of-key-events-from-day-seven;Russia's invasion of Ukraine: List of key events from day seven ...
china;https://www.aljazeera.com/news/2022/3/2/white-house-outlines-new-plan-to-combat-covid-in-us;White House outlines new plan to combat COVID in US ...
china;https://www.aljazeera.com/news/2022/3/2/three-tonnes-of-space-junk-on-a-collision-course-with-the-moon;Three tonnes of space junk on a collision course with the moon ...
china;https://www.aljazeera.com/economy/2022/3/2/taiwan-president-to-donate-salary-for-ukraine-relief-efforts;Taiwan president to donate salary for Ukraine relief efforts | Russia ...
china;https://www.aljazeera.com/gallery/2022/3/2/photos-india-normal-life-two-years-covid-lockdowns;Photos: Signs of normalcy in India after two years of COVID curbs ...
china;https://www.aljazeera.com/economy/2022/3/2/over-ukrainian-food-hong-kongers-express-solidarity-resistance;In Hong Kong, a Ukrainian eatery inspires solidarity, resistance ...
china;https://www.aljazeera.com/news/2022/3/2/russian-military-says-has-control-of-kherson-in-southern-ukraine;Russia claims control of southern Ukrainian city of Kherson | Russia ...
china;https://www.aljazeera.com/economy/2022/3/2/heavy-metal-aluminum-hits-record-nickel-jumps-to-11-year-high;Heavy metal: Aluminum hits record, nickel jumps to 11-year high ...
china;https://www.aljazeera.com/economy/2022/3/1/hong-kong-leader-urges-calm-as-lockdown-fears-spark-panic-buying;Hong Kong's leader urges calm as lockdown fears spur panic ...
china;https://www.aljazeera.com/economy/2022/3/1/investors-seeking-to-offload-russian-assets-have-a-tough-task;Investors seeking to offload Russian assets have a tough task ...
china;https://www.aljazeera.com/news/2022/3/1/us-says-russian-crimes-mounting-in-ukraine-at-un-rights-forum;US says Russian crimes 'mounting' in Ukraine | News | Al Jazeera
china;https://www.aljazeera.com/news/2022/3/1/us-delegation-arrives-in-taiwan-amid-tensions-with-china;US delegation arrives in Taiwan amid tensions with China | Russia ...
china;https://www.aljazeera.com/news/2022/3/1/mena-region-faces-crisis-as-worlds-key-wheat-producers-at-war;MENA faces a crisis as the world's key wheat producers are at war ...
china;https://www.aljazeera.com/economy/2022/3/1/ukraine-sees-an-exodus-of-foreign-students-and-revenue;Ukraine is seeing an exodus of foreign students, and revenue ...
china;https://www.aljazeera.com/news/2022/2/28/ukraine-russia-india-and-pakistan-walk-similar-diplomatic-tightrope;India, Pakistan take a similar diplomatic path on Russia-Ukraine ...
china;https://www.aljazeera.com/news/2022/2/28/stories-you-may-have-missed-amid-russias-attack-on-ukraine;Round-up of major international news amid Russia-Ukraine crisis ...
china;https://www.aljazeera.com/economy/2022/2/28/in-rare-stand-south-korea-singapore-unveil-sanctions-on-russia;In rare stand, South Korea, Singapore unveil sanctions on Russia ...
china;https://www.aljazeera.com/news/2022/2/28/time-for-bosnia-to-get-rid-of-russian-influence-analysts;Time for Bosnia to 'get rid of Russian influence': Analysts | Russia ...
china;https://www.aljazeera.com/economy/2022/2/28/will-escalating-sanctions-shift-fortress-russia-its-not-a-given;Will escalating sanctions shift Fortress Russia? It's not a given ...
china;https://www.aljazeera.com/economy/2022/2/28/as-russias-isolation-grows-china-hints-at-limits-of-friendship;As Russia's isolation grows, China hints at limits of friendship ...
china;https://www.aljazeera.com/news/2022/2/28/ukrainian-fighters-grease-bullets-against-chechens-with-pig-fat;Ukrainian fighters grease bullets against Chechens with pig fat ...
china;https://www.aljazeera.com/news/2022/2/28/russia-ukraine-crisis-in-maps-and-charts-live-news-interactive;Russia-Ukraine war by the numbers: Live Tracker | Infographic ...
china;https://www.aljazeera.com/economy/2022/2/28/stocks-tumble-as-west-intensifies-sanctions-on-russia;Stocks tumble as West intensifies sanctions on Russia | Business ...
china;https://www.aljazeera.com/news/2022/2/28/russia-ukraine-war-what-is-putins-endgame;Russia-Ukraine war: What is Putin's endgame?
china;https://www.aljazeera.com/news/2022/2/27/eu-ups-the-ante-with-russia-closes-airspace-bans-media;"EU ups the ante with Russia; closes airspace, bans media ..."
china;https://www.aljazeera.com/opinions/2022/2/27/the-world-is-united-on-ukraine-divided-on-america;The world is united on Ukraine, divided on America | Russia-Ukraine ...
china;https://www.aljazeera.com/news/2022/2/27/nepal-passes-contentious-us-grant-amid-protests;Nepali parliament ratifies contentious US aid grant amid protests ...
china;https://www.aljazeera.com/news/2022/2/26/nazi-style-course-of-action-ukraine-blasts-russia-at-unsc-meet;'Nazi-style course of action': Ukraine blasts Russia at UNSC meet ...
china;https://www.aljazeera.com/news/2022/2/26/senior-russian-security-official-issues-stark-threats-to-the-west;Senior Russian security official issues stark threats to the West ...
china;https://www.aljazeera.com/news/2022/2/26/russia-closes-to-flights-from-bulgaria-poland-czech-republic;Russia bans flights from Bulgaria, Poland, Czech Republic | Russia ...
china;https://www.aljazeera.com/news/2022/2/26/zelenskyy-says-we-cannot-lose-the-capital-as-fight-nears-kyiv;'We won't put down weapons': Zelenskyy vows to fight on in Kyiv ...
china;https://www.aljazeera.com/economy/2022/2/25/ukraine-russia-crisis-will-china-be-putins-economic-lifeline;Ukraine-Russia crisis: Will China be Putin's economic lifeline ...
china;https://www.aljazeera.com/news/2022/2/25/kyiv-braces-for-assault-as-west-sanctions-russia;Gunfire and explosions heard as Kyiv braces for Russian assault ...
china;https://www.aljazeera.com/program/inside-story/2022/2/25/can-ukraine-defend-itself;Can Ukraine defend itself? | Russia-Ukraine war News | Al Jazeera
china;https://www.aljazeera.com/news/2022/2/25/biden-must-protect-ukrainians-in-us-from-deportation-advocates;Biden must protect Ukrainians in US from deportation: Advocates ...
china;https://www.aljazeera.com/news/2022/2/25/ukraine-president-vows-to-stay-put-russian-troops-approach-kyiv;Ukraine leader pledges to stay put as Russia troops approach Kyiv ...
china;https://www.aljazeera.com/news/2022/2/25/chinas-xi-speaks-to-putin-calls-for-negotiation-with-ukraine;"China's Xi speaks to Putin; calls for 'negotiation' with Ukraine ..."
china;https://www.aljazeera.com/news/2022/2/25/where-do-russias-allies-stand-as-western-powers-slam-moscow;Where do Russia's allies stand as Western powers slam Moscow ...
china;https://www.aljazeera.com/economy/2022/2/25/ukraine-russia-crisis-asian-economies-brace-for-inflation-hit;Ukraine-Russia crisis: Asian economies brace for inflation hit ...
china;https://www.aljazeera.com/news/2022/2/25/nato-allies-to-provide-more-weapons-to-ukraine-stoltenberg-says;NATO to deploy thousands of commandos to nations near Ukraine ...
china;https://www.aljazeera.com/economy/2022/2/25/taiwan-vows-to-join-democratic-countries-in-sanctioning-russia;Taiwan vows to join 'democratic countries' in sanctioning Russia ...
china;https://www.aljazeera.com/news/2022/2/25/us-will-sanction-putin-for-invading-ukraine-white-house-says;US will sanction Putin for invading Ukraine, White House says ...
china;https://www.aljazeera.com/news/2022/2/24/world-reaction-putin-orders-military-operation-in-ukraine;World reacts to Russia's attack on Ukraine | Russia-Ukraine war ...
china;https://www.aljazeera.com/economy/2022/2/24/oil-soars-past-105-as-russias-attack-on-ukraine-rattles-markets;Oil soars past $105 as Russia's attack on Ukraine rattles markets ...
china;https://www.aljazeera.com/program/the-bottom-line/2022/2/24/are-we-in-the-middle-of-cold-war-2-0;Are we in the middle of Cold War 2.0? | Business and Economy | Al ...
china;https://www.aljazeera.com/news/2022/2/24/hong-kong-china-help-covid-surge;Hong Kong turns to emergency powers for China help in COVID ...
china;https://www.aljazeera.com/news/2022/2/24/how-a-gay-man-from-singapore-found-acceptance-in-australia;How a gay man from Singapore found acceptance in Australia ...
china;https://www.aljazeera.com/economy/2022/2/24/from-chinas-bridge-to-europe-ukraine-in-test-of-beijing-ties;After 'bridge to Europe' bid, Ukraine's China ties face test | Business ...
china;https://www.aljazeera.com/news/2022/2/24/russian-troops-advancing-closer-to-kyiv-us-says-liveblog;Latest Russia-Ukraine updates: US to impose sanctions on Putin ...
china;https://www.aljazeera.com/news/2022/2/25/list-of-sanctions-on-russia-after-invasion;List of sanctions against Russia after it invaded Ukraine | Russia ...
china;https://www.aljazeera.com/opinions/2022/2/24/and-so-cold-war-ii-begins;And so, Cold War II begins | Opinions | Al Jazeera
china;https://www.aljazeera.com/economy/2022/2/23/us-ports-to-get-450m-to-ease-supply-chain-congestion;US ports to get $450m to ease supply chain congestion | Business ...
china;https://www.aljazeera.com/news/2022/2/23/nord-stream-2-halted-what-you-should-know;Nord Stream 2 halted: What you should know | Russia-Ukraine war ...
china;https://www.aljazeera.com/news/2022/2/23/uae-to-order-12-l-15-planes-from-china-as-it-diversify-suppliers;UAE to order L15 planes from China as it diversifies suppliers ...
china;https://www.aljazeera.com/economy/2022/2/23/hong-kong-drops-22b-budget-as-zero-covid-hammers-businesses;Hong Kong unveils $22bn budget as 'zero COVID' hammers ...
china;https://www.aljazeera.com/economy/2022/2/23/asian-markets-regain-ground-as-investors-hold-breath-on-ukraine;Asian markets regain ground as investors hold breath on Ukraine ...
china;https://www.aljazeera.com/news/2022/2/23/us-says-blinken-cancels-meeting-with-lavrov;Ukraine crisis: Blinken cancels meeting with Russia's Lavrov ...
china;https://www.aljazeera.com/news/2022/2/23/what-is-the-role-of-belarus-in-the-ukraine-russia-crisis;Ukraine crisis: What does Belarus have to gain, and lose? | News ...
china;https://www.aljazeera.com/news/2022/2/23/hong-kong-to-test-entire-island-for-covid;Hong Kong to test everyone in territory for COVID three times over ...
china;https://www.aljazeera.com/news/2022/2/23/shared-resentments-but-russia-ties-could-be-awkward-for-china;'Shared resentments' but Russia ties could be 'awkward' for China ...
china;https://www.aljazeera.com/news/2022/2/22/what-was-said-at-gas-exporting-countries-forum;Gas Exporting Countries Forum in Qatar: Who said what | Oil and ...
china;https://www.aljazeera.com/news/2022/2/22/ukraine-russia-crisis-five-key-questions-answered;Russia-Ukraine crisis: 5 things to know about Putin's bold move ...
china;https://www.aljazeera.com/news/2022/2/22/end-hostilities-immediately-united-nations-says-to-russia;End hostilities immediately, Russia told at late-night UN meeting ...
china;https://www.aljazeera.com/economy/2022/2/22/asia-braces-for-economic-fallout-of-ukraine-crisis;Ukraine crisis: Asia braces for economic fallout | Business and ...
china;https://www.aljazeera.com/news/2022/2/22/syria-backs-russian-recognition-east-ukraine-breakaway-regions;Syria backs Russian recognition of east Ukraine breakaway regions ...
china;https://www.aljazeera.com/features/2022/2/21/covid-do-we-know-the-real-death-toll;COVID: Do we know the real death toll? | Coronavirus pandemic | Al ...
china;https://www.aljazeera.com/news/2022/2/21/roiling-china-rocking-malaysia-namewee-says-his-goal-is-harmony;Roiling China, rapped in Malaysia: Namewee says goal is harmony ...
china;https://www.aljazeera.com/economy/2022/2/21/as-australia-reopens-cautious-hope-for-battered-tourism;As Australia reopens, crippled tourism sector feels cautious hope ...
china;https://www.aljazeera.com/news/2022/2/21/world-reaction-to-putins-move-to-recogise-ukraine-rebel-regions;Ukraine: World reacts to Putin's recognition of Donetsk, Luhansk ...
china;https://www.aljazeera.com/economy/2022/2/21/china-sanctions-us-defence-firms-raytheon-lockheed-over-taiwan;China sanctions US defence firms Raytheon, Lockheed over Taiwan ...
china;https://www.aljazeera.com/news/2022/2/21/australia-accuses-china-of-shining-laser-at-surveillance-plane;Australia accuses China of shining laser at surveillance plane ...
china;https://www.aljazeera.com/podcasts/2022/2/21/did-politics-overshadow-the-winter-olympics;Did politics overshadow the Winter Olympics? | Winter Olympics ...
china;https://www.aljazeera.com/podcasts/2022/2/21/did-politics-overshadow-the-winter-olympics;Did politics overshadow the Winter Olympics? | Winter Olympics ...
china;https://www.aljazeera.com/news/2022/2/21/former-us-secretary-of-state-mike-pompeo-to-visit-taiwan;Former US Secretary of State Mike Pompeo to visit Taiwan | Politics ...
china;https://www.aljazeera.com/economy/2022/2/21/trumps-truth-social-tops-downloads-on-apple-app-store-many-waitlisted;Trump's Truth Social launches in App Store with many waitlisted ...
china;https://www.aljazeera.com/news/2022/2/20/nepal-police-fire-tear-gas-to-disperse-protest-over-us-aid-grant;Nepal police fire tear gas to disperse protest over US aid grant ...
china;https://www.aljazeera.com/opinions/2022/2/16/politicians-should-stop-wasting-time-on-doomed-olympic-boycotts;Politicians should stop wasting time on doomed Olympic boycotts ...
china;https://www.aljazeera.com/opinions/2022/2/9/no-russia-will-not-invade-ukraine;No, Russia will not invade Ukraine | Russia-Ukraine war | Al Jazeera
china;https://www.aljazeera.com/news/2022/2/9/what-is-the-minsk-agreement-and-why-is-it-relevant-now;Ukraine-Russia crisis: What is the Minsk agreement? | Russia ...
china;https://www.aljazeera.com/news/2022/2/5/taiwan-condemns-contemptible-timing-of-china-russia-partnership;Taiwan condemns 'contemptible' timing of China-Russia partnership ...
china;https://www.aljazeera.com/news/2022/2/5/xi-says-china-egypt-hold-similar-visions-and-strategies;China, Egypt hold 'similar visions and strategies': President Xi ...
china;https://www.aljazeera.com/news/2022/2/4/chinas-xi-to-meet-russias-putin-ahead-of-olympics-opening-rites;Xi and Putin show united front amid spiralling tensions with West ...
usa;https://www.aljazeera.com/news/2022/3/3/us-supreme-court-lets-kentucky-official-defend-abortion-law;US Supreme Court allows Kentucky official to defend abortion law ...
usa;https://www.aljazeera.com/economy/2022/3/3/purdue-pharmas-sacklers-reach-6b-opioid-deal-with-us-states;Purdue Pharma's Sacklers reach $6BN opioid deal with US states ...
usa;https://www.aljazeera.com/economy/2022/3/3/japanese-carmakers-airlines-cut-russia-ties-over-war-in-ukraine;Japanese carmakers, airlines cut Russia ties amid war in Ukraine ...
usa;https://www.aljazeera.com/news/2022/3/3/trump-may-have-engaged-in-criminal-conspiracy-capitol-panel;Trump may have engaged in 'criminal conspiracy': US Capitol panel ...
usa;https://www.aljazeera.com/news/2022/3/3/how-much-oil-does-the-us-import-from-russia;How much oil does the US get from Russia? | Business and ...
usa;https://www.aljazeera.com/news/2022/3/3/us-to-beef-up-staffing-in-havana-embassy-to-ease-visa-backlog;US to beef up staffing at Havana embassy to ease visa backlog ...
usa;https://www.aljazeera.com/where/russia/;Russia | Today's latest from Al Jazeera
usa;https://www.aljazeera.com/news/2022/3/3/germany-charges-russian-man-with-planned-hit-on-chechen-dissident;Germany charges Russian man with planned hit on Chechen ...
usa;https://www.aljazeera.com/features/2022/3/3/bosnians-relive-past-war-trauma-as-russia-invades-ukraine;Bosnians relive past war trauma as Russia invades Ukraine | Russia ...
usa;https://www.aljazeera.com/program/the-bottom-line/2022/3/3/can-western-sanctions-really-change-russias-behaviour;Can Western sanctions really change Russia's behaviour? | Russia ...
usa;https://www.aljazeera.com/economy/2022/3/3/wheat-corn-prices-surge-as-consumer-pain-mounts;Wheat, corn prices surge deepening consumer pain | Russia ...
usa;https://www.aljazeera.com/us-canada/;US & Canada News | Today's latest from Al Jazeera
usa;https://www.aljazeera.com/economy/2022/3/3/us-jobless-claims-fall-to-lowest-since-start-of-year;US jobless claims fall to lowest since start of year | Unemployment ...
usa;https://www.aljazeera.com/news/2022/3/3/how-realistic-is-vladimir-putins-nuclear-threat;How realistic is Vladimir Putin's nuclear threat? | Russia-Ukraine war ...
usa;https://www.aljazeera.com/tag/donald-trump/;Donald Trump | Today's latest from Al Jazeera
usa;https://www.aljazeera.com/economy/2022/3/3/russian-etf-soars-as-some-see-bargain-in-uninvestable-market;Russian ETF soars as some see bargain in 'uninvestable' market ...
usa;https://www.aljazeera.com/news/2022/3/3/putin-modi-discuss-plight-indian-students-trapped-ukraine;Putin, Modi discuss plight of Indian students trapped in Ukraine ...
usa;https://www.aljazeera.com/news/2022/3/3/us-sanctions-target-russian-elites-putins-spokesperson;Fresh US sanctions target Russian elites, Putin's spokesperson ...
usa;https://www.aljazeera.com/news/2022/3/3/france-russian-oligarchs-yachts-eu-sanctions-ukraine;France seizes Russian oligarch's yacht amid EU sanctions | Russia ...
usa;https://www.aljazeera.com/news/;News | Today's latest from Al Jazeera
usa;https://www.aljazeera.com/news/2022/3/3/usaid-chief-stresses-need-for-humanitarian-access-in-ukraine;USAID chief stresses need for humanitarian access in Ukraine ...
usa;https://www.aljazeera.com/news/2022/3/3/us-supreme-court-blocks-testimony-over-guantanamo-detainee;US Supreme Court blocks testimony over Guantanamo detainee | Al ...
usa;https://www.aljazeera.com/economy/2022/3/3/tokyo-court-convicts-former-ghosn-aide-in-nissan-trial;Tokyo court convicts former Ghosn aide in Nissan trial | Business ...
usa;https://www.aljazeera.com/where/united-states/;United States | Today's latest from Al Jazeera
usa;https://www.aljazeera.com/news/2022/3/3/us-former-officer-cleared-in-shooting-during-breonna-taylor-raid;US: Former officer cleared in shooting during Breonna Taylor raid ...
usa;https://www.aljazeera.com/news/2022/3/3/army-helicopter-fighter-jet-crash-in-romania-killing-all-crew;Army helicopter, fighter jet crash in Romania, killing all crew ...
usa;https://www.aljazeera.com/news/2022/3/2/first-us-capitol-rioter-on-trial-lit-the-match-prosecutor-says;First US Capitol rioter on trial 'lit the match', prosecutor says | Courts ...
usa;https://www.aljazeera.com/news/2022/3/2/why-hasnt-russia-mobilised-its-vast-air-power-against-ukraine;Why hasn't Russia mobilised its vast air power against Ukraine ...
usa;https://www.aljazeera.com/economy/2022/3/2/powell-tells-congress-the-fed-will-hike-interest-rates-this-month;Powell backs 25-basis-point March rate hike | Business and ...
usa;https://www.aljazeera.com/news/2022/3/2/russian-and-belarusian-athletes-allowed-to-compete-at-paralympics;Russian and Belarusian athletes allowed to compete at Paralympics ...
usa;https://www.aljazeera.com/news/2022/3/2/icc-to-begin-investigation-into-possible-war-crimes-in-ukraine;ICC to begin investigation into possible war crimes in Ukraine ...
usa;https://www.aljazeera.com/news/2022/3/2/biden-first-state-of-the-union-speech-liveblog;Ukraine, inflation, Biden's first State of the Union â a timeline | Joe ...
usa;https://www.aljazeera.com/news/2022/3/2/more-racism-at-ukrainian-borders;More African students decry racism at Ukrainian borders | Russia ...
usa;https://www.aljazeera.com/news/2022/3/2/us-launches-kleptocapture-task-force-against-russian-oligarchs;US launches 'KleptoCapture' task force against Russian oligarchs ...
usa;https://www.aljazeera.com/news/2022/3/1/what-berlins-u-turn-on-defence-energy-policy-means-for-germany;What UÂ»turn on defence, energy policy means for Germany | Russia ...
usa;https://www.aljazeera.com/news/2022/3/2/abbott-to-face-orourke-as-texas-primaries-set-political-field;Abbott to face O'Rourke as Texas primaries set political field ...
usa;https://www.aljazeera.com/news/2022/3/2/maersk-cma-cgm-and-msc-suspend-russian-deliveries;Maersk, MSC and CMA CGM suspend Russian deliveries | News ...
usa;https://www.aljazeera.com/economy/2022/3/2/wall-street-rallies-as-powells-rate-hike-remarks-calm-investors;Wall Street rallies as Fed signals steadiness on rate increases ...
usa;https://www.aljazeera.com/economy/2022/3/1/oil-soars-as-iea-taps-emergency-stockpile;Oil soars as IEA taps emergency stockpile | Russia-Ukraine war ...
usa;https://www.aljazeera.com/sports/live-scores/football/world-cup-qualification/match/459963/canada-usa;Canada / USA - Scoresheet - World Cup qualification - Football ...
usa;https://www.aljazeera.com/news/2022/3/1/iran-khamenei-ukraine-war-russia-us-policies-nato;Iran's Khamenei: 'Mafia regime' of US created Ukraine crisis | Russia ...
usa;https://www.aljazeera.com/news/2022/3/1/us-delegation-arrives-in-taiwan-amid-tensions-with-china;US delegation arrives in Taiwan amid tensions with China | Russia ...
usa;https://www.aljazeera.com/news/2022/3/1/ukraine-on-edge-as-russia-continues-its-assault-liveblog;Latest Ukraine updates: UNGA votes to demand Russian withdrawal ...
usa;https://www.aljazeera.com/news/2022/3/1/au-disturbed-by-reports-africans-stopped-from-escaping-ukraine;AU 'disturbed' by reports Africans stopped from escaping Ukraine ...
usa;https://www.aljazeera.com/news/2022/3/1/turkey-blocks-warships-from-straits-amid-russia-ukraine-crisis;Turkey warns against passing of warships from its straits | Russia ...
usa;https://www.aljazeera.com/news/2022/3/1/us-rules-out-ukraine-no-fly-zone-after-zelenskyy-appeal;US rules out Ukraine no-fly zone after Zelenskyy appeal | Russia ...
usa;https://www.aljazeera.com/news/2022/2/28/which-countries-are-sending-military-aid-to-ukraine;Which countries are sending military aid to Ukraine? | Russia ...
usa;https://www.aljazeera.com/news/2022/2/28/russian-rouble-plunges-to-record-lows-amid-sanctions-push;Russian rouble plunges to record low amid outrage over Ukraine ...
usa;https://www.aljazeera.com/economy/2022/2/28/will-escalating-sanctions-shift-fortress-russia-its-not-a-given;Will escalating sanctions shift Fortress Russia? It's not a given ...
usa;https://www.aljazeera.com/news/2022/2/28/us-shuts-belarus-embassy-approves-evacuation-from-moscow-embassy;US shuts Belarus embassy, approves evacuation from Moscow ...
usa;https://www.aljazeera.com/news/2022/2/28/us-supreme-court-weighs-epa-authority-limit-carbon-emissions;US Supreme Court weighs EPA's authority to limit carbon emissions ...
usa;https://www.aljazeera.com/news/2022/2/28/us-expelling-russian-diplomats-from-un-mission-in-new-york;US expelling Russian diplomats from UN mission in New York ...
usa;https://www.aljazeera.com/news/2022/2/27/eu-ups-the-ante-with-russia-closes-airspace-bans-media;"EU ups the ante with Russia; closes airspace, bans media ..."
usa;https://www.aljazeera.com/news/2022/2/27/ukraine-poland-border-refugees-medyka-russia-invasion;'It was hell': Long lines of Ukrainian refugees at Poland border ...
usa;https://www.aljazeera.com/opinions/2022/2/27/the-world-is-united-on-ukraine-divided-on-america;The world is united on Ukraine, divided on America | Russia-Ukraine ...
usa;https://www.aljazeera.com/news/2022/2/27/western-media-coverage-ukraine-russia-invasion-criticism;'Double standards': Western coverage of Ukraine war criticised ...
usa;https://www.aljazeera.com/;Breaking News, World News and Video from Al Jazeera
usa;https://www.aljazeera.com/news/2022/2/26/nazi-style-course-of-action-ukraine-blasts-russia-at-unsc-meet;'Nazi-style course of action': Ukraine blasts Russia at UNSC meet ...
usa;https://www.aljazeera.com/news/2022/2/26/kyiv-residential-tower-hit-by-missile-as-fighting-rages-mayor;Kyiv residential tower hit by missile as fighting rages: Mayor | Russia ...
usa;https://www.aljazeera.com/sports/live-scores/football/world-cup-qualification/match/459968/usa-el-salvador;USA / El Salvador - Scoresheet - World Cup qualification - Football ...
usa;https://www.aljazeera.com/news/2022/2/26/russia-invasion-ukraine-enters-third-day-what-we-know-so-far;Russian invasion of Ukraine enters third day: What we know so far ...
usa;https://www.aljazeera.com/news/2022/2/25/where-do-russias-allies-stand-as-western-powers-slam-moscow;Where do Russia's allies stand as Western powers slam Moscow ...
usa;https://www.aljazeera.com/news/2022/2/25/we-are-defending-our-state-alone-says-ukraines-president;'We're defending Ukraine alone', says President Zelenskyy | Russia ...
usa;https://www.aljazeera.com/economy/2022/2/25/taiwan-vows-to-join-democratic-countries-in-sanctioning-russia;Taiwan vows to join 'democratic countries' in sanctioning Russia ...
usa;https://www.aljazeera.com/news/2022/2/24/timeline-after-months-tensions-russia-attacks-ukraine;Timeline: After months of tensions, Russia attacks Ukraine | Russia ...
usa;https://www.aljazeera.com/tag/vladimir-putin/;Vladimir Putin | Today's latest from Al Jazeera
usa;https://www.aljazeera.com/sports/live-scores/football/world-cup-qualification/north-america/match/459978/usa-mexico;USA / Mexico - Scoresheet - World Cup qualification - Football ...
usa;https://www.aljazeera.com/news/2022/2/24/no-choice-but-to-invade-ukraine-kremlin;How is the Ukraine invasion being viewed in Russia? | Russia ...
usa;https://www.aljazeera.com/news/2022/2/24/us-lawmakers-condemn-ukraine-invasion-call-for-swift-sanctions;US lawmakers condemn Ukraine invasion, call for swift sanctions ...
usa;https://www.aljazeera.com/sports/live-scores/football/world-cup-qualification/match/459960/usa-honduras;USA / Honduras - Scoresheet - World Cup qualification - Football ...
usa;https://www.aljazeera.com/news/2022/2/24/putins-speech-declaring-war-on-ukraine-translated-excerpts;'No other option': Excerpts of Putin's speech declaring war | Russia ...
usa;https://www.aljazeera.com/news/2022/2/24/eu-boosts-bosnia-force-after-russias-invasion-of-ukraine;EU boosts Bosnia force after Russia's invasion of Ukraine | Russia ...
usa;https://www.aljazeera.com/news/2022/2/23/hong-kong-to-test-entire-island-for-covid;Hong Kong to test everyone in territory for COVID three times over ...
usa;https://www.aljazeera.com/news/2022/2/22/un-meets-after-russia-sends-troops-to-eastern-ukraine-liveblog;Latest Ukraine updates: Biden announces new Russia sanctions ...
usa;https://www.aljazeera.com/news/2022/2/22/new-eu-sanctions-target-myanmar-militarys-lucrative-gas-firm;New EU sanctions target Myanmar military's lucrative gas firm ...
usa;https://www.aljazeera.com/news/2022/2/22/taliban-create-grand-army-afghanistan-old-regime-troops;Taliban to create Afghanistan 'grand army' with old regime troops ...
usa;https://www.aljazeera.com/news/2022/2/22/biden-imposes-new-russia-sanctions-decries-beginning-invasion;Biden imposes new Russia sanctions, decries 'beginning invasion ...
usa;https://www.aljazeera.com/economy/2022/2/22/icahns-board-fight-at-mcdonalds-pivots-on-pigs-in-small-crates;Icahn's board fight at McDonald's pivots on pigs in small crates ...
usa;https://www.aljazeera.com/news/2022/2/22/prosecutor-officers-chose-to-do-nothing-as-george-floyd-died;Prosecutor: Officers 'chose to do nothing' as George Floyd died ...
usa;https://www.aljazeera.com/news/2022/2/22/russia-ukraine-why-putin-recognised-separatist-held-regions;Russia-Ukraine: Why Putin recognised separatist-held regions ...
usa;https://www.aljazeera.com/news/2022/2/21/dominican-republic-begins-building-border-wall-with-haiti;Dominican Republic begins building border wall with Haiti ...
usa;https://www.aljazeera.com/news/2022/2/21/us-warns-of-possible-targeted-killings-by-russia-live-news;Putin orders Russian forces to Ukraine rebel regions | Russia ...
usa;https://www.aljazeera.com/news/2022/2/20/hidden-away-from-taliban-a-school-cave-continues-to-teach-kids;In remote Bamiyan, a school run by an Afghan woman offers hope ...
usa;https://www.aljazeera.com/news/2022/2/16/us-and-iranian-officials-say-nuclear-talks-nearing-conclusion;US and Iranian officials suggest nuclear talks nearing conclusion ...
usa;https://www.aljazeera.com/opinions/2022/2/16/politicians-should-stop-wasting-time-on-doomed-olympic-boycotts;Politicians should stop wasting time on doomed Olympic boycotts ...
usa;https://www.aljazeera.com/news/2022/2/13/us-justifies-ukraine-embassy-drawdown-amid-russia-tensions-live;Latest updates: Biden, Zelenskyy agree to pursue diplomacy ...
usa;https://www.aljazeera.com/news/2022/2/12/biden-putin-us-russia-ukraine-tensions-liveblog;Latest Ukraine updates: Biden warns Putin over Ukraine invasion ...
usa;https://www.aljazeera.com/news/2022/2/11/us-biden-to-split-frozen-afghan-funds-between-9-11-families;Biden signs order to secure Afghan funds for aid, 9/11 families | Joe ...
usa;https://www.aljazeera.com/news/2022/2/11/us-urges-americans-to-leave-ukraine-amid-tensions-with-russia;US urges citizens to leave Ukraine amid Russian invasion threat ...
usa;https://www.aljazeera.com/news/2022/2/11/theft-afghan-americans-decry-decision-to;'Theft': Advocates decry US decision to withhold Afghan funds ...
usa;https://www.aljazeera.com/news/2022/2/11/theft-afghan-americans-decry-decision-to;'Theft': Advocates decry US decision to withhold Afghan funds ...
usa;https://www.aljazeera.com/opinions/2022/2/9/no-russia-will-not-invade-ukraine;No, Russia will not invade Ukraine | Russia-Ukraine war | Al Jazeera
usa;https://www.aljazeera.com/news/2022/2/9/what-is-the-minsk-agreement-and-why-is-it-relevant-now;Ukraine-Russia crisis: What is the Minsk agreement? | Russia ...
usa;https://www.aljazeera.com/news/2022/2/8/us-approves-support-deal-for-taiwan-patriot-missiles;US approves $100m support deal for Taiwan Patriot missiles ...
usa;https://www.aljazeera.com/news/2022/2/8/macron-says-putin-told-him-russia-wont-escalate-ukraine-crisis;Macron says Putin told him Russia won't escalate Ukraine crisis ...
usa;https://www.aljazeera.com/news/2022/2/7/macron-takes-leading-role-ukraine-liveblog;Ukraine latest updates: US, Germany in 'lockstep', says Biden ...
usa;https://www.aljazeera.com/news/2022/2/7/us-and-germany-working-in-lockstep-on-ukraine-crisis-biden;Biden: US and Germany working in 'lockstep' on Ukraine crisis ...
usa;https://www.aljazeera.com/news/2022/2/4/us-covid-death-toll-sped-by-omicron-surpasses-900000;US COVID death toll, sped by Omicron, surpasses 900,000 ...
usa;https://www.aljazeera.com/news/2022/2/4/huge-us-winter-storm-leaves-more-than-330000-without-power;Huge US winter storm leaves more than 330,000 without power ...
usa;https://www.aljazeera.com/news/2022/2/2/winter-storm-delivers-heavy-snow-and-ice-to-central-united-states;Winter storm delivers heavy snow and ice to central United States ...
